{"format": "keras", "nodes": [{"name": "input_layer", "id": "input_layer", "class_name": "InputLayer", "output_shape": [[null, 224, 224, 3]], "num_parameters": 0}, {"name": "efficientnetb0", "id": "efficientnetb0", "class_name": "Functional", "output_shape": [null, null, null, 1280], "num_parameters": 4049571}, {"name": "Global_Average_Pool_2D", "id": "Global_Average_Pool_2D", "class_name": "GlobalAveragePooling2D", "output_shape": [null, 1280], "num_parameters": 0}, {"name": "Output_layer", "id": "Output_layer", "class_name": "Dense", "output_shape": [null, 10], "num_parameters": 12810}], "edges": [["input_layer", "efficientnetb0"], ["efficientnetb0", "Global_Average_Pool_2D"], ["Global_Average_Pool_2D", "Output_layer"]]}