{
    "os": "Linux-5.15.120+-x86_64-with-glibc2.35",
    "python": "3.10.12",
    "heartbeatAt": "2023-10-21T17:42:01.621275",
    "startedAt": "2023-10-21T17:41:56.146889",
    "docker": null,
    "cuda": null,
    "args": [],
    "state": "running",
    "program": "<python with no main file>",
    "codePathLocal": null,
    "host": "741e1aa99519",
    "username": "root",
    "executable": "/usr/bin/python3",
    "cpu_count": 1,
    "cpu_count_logical": 2,
    "cpu_freq": {
        "current": 2299.998,
        "min": 0.0,
        "max": 0.0
    },
    "cpu_freq_per_core": [
        {
            "current": 2299.998,
            "min": 0.0,
            "max": 0.0
        },
        {
            "current": 2299.998,
            "min": 0.0,
            "max": 0.0
        }
    ],
    "disk": {
        "/": {
            "total": 78.1898422241211,
            "used": 27.112537384033203
        }
    },
    "gpu": "Tesla T4",
    "gpu_count": 1,
    "gpu_devices": [
        {
            "name": "Tesla T4",
            "memory_total": 16106127360
        }
    ],
    "memory": {
        "total": 12.6783447265625
    }
}
